affinity,type,d1,d2,d3,d4,ds1,ds2,a1,a2,a3,a4,as1,as2,outcome,rank
indoor,def,hoshino,tshiroko,haruka,iori,sayane,sshiroko,marina,tshiroko,shun,hoshino,hibiki,sshiroko,1,
indoor,def,hoshino,tshiroko,haruka,iori,sayane,sshiroko,iori,hoshino,tshiroko,haruka,nagisa,sshiroko,0,
indoor,def,hoshino,tshiroko,haruka,iori,sayane,sshiroko,iori,hoshino,tshiroko,haruka,saki,sshiroko,0,
indoor,atk,marina,tshiroko,shun,hoshino,sayane,sshiroko,hoshino,tshiroko,shun,marina,sayane,sshiroko,1,26.0
indoor,atk,shun,hoshino,tshiroko,iori,nagisa,sshiroko,hoshino,tshiroko,marina,iori,hibiki,sshiroko,0,39.0
indoor,def,marina,tshiroko,shun,hoshino,sayane,sshiroko,hoshino,tshiroko,marina,reisa,nagisa,sshiroko,1,
indoor,def,marina,tshiroko,shun,hoshino,sayane,sshiroko,hoshino,tshiroko,marina,reisa,nagisa,sshiroko,1,
indoor,atk,reisa,tshiroko,shun,marina,sayane,sshiroko,iori,hoshino,tshiroko,marina,hibiki,sshiroko,1,39.0
indoor,atk,reisa,tshiroko,shun,hoshino,sayane,sshiroko,marina,tshiroko,hoshino,iori,sayane,sshiroko,1,24.0
indoor,atk,reisa,tshiroko,marina,hoshino,saki,sshiroko,marina,tshiroko,hoshino,iori,sayane,sshiroko,0,24.0
indoor,atk,reisa,tshiroko,marina,hoshino,saki,sshiroko,iori,marina,hoshino,tshiroko,sayane,sshiroko,0,24.0
indoor,atk,reisa,tshiroko,marina,hoshino,saki,sshiroko,iori,marina,hoshino,tshiroko,sayane,sshiroko,0,24.0
indoor,def,marina,tshiroko,shun,hoshino,sayane,sshiroko,nyharuna,haruka,hoshino,shun,minori,sshiroko,1,
indoor,def,marina,tshiroko,shun,hoshino,sayane,sshiroko,hoshino,nyharuna,tshiroko,marina,nagisa,sshiroko,1,
indoor,def,marina,tshiroko,shun,hoshino,sayane,sshiroko,tshiroko,hoshino,reisa,haruka,nagisa,sshiroko,1,
indoor,def,marina,tshiroko,shun,hoshino,sayane,sshiroko,tshiroko,nymutsuki,shun,hoshino,nagisa,sshiroko,1,
indoor,def,marina,tshiroko,shun,hoshino,sayane,sshiroko,iori,hoshino,tshiroko,shun,hibiki,sshiroko,1,
indoor,def,marina,tshiroko,shun,hoshino,sayane,sshiroko,iori,shun,marina,tshiroko,nagisa,sshiroko,1,
indoor,def,marina,tshiroko,shun,hoshino,sayane,sshiroko,iori,hoshino,tshiroko,haruka,nagisa,sshiroko,0,
indoor,def,marina,tshiroko,shun,hoshino,sayane,sshiroko,hoshino,tshiroko,iori,shanako,nagisa,sshiroko,0,
indoor,def,marina,tshiroko,shun,hoshino,sayane,sshiroko,tshiroko,hoshino,marina,iori,nagisa,sshiroko,0,
indoor,def,marina,tshiroko,shun,hoshino,sayane,sshiroko,tshiroko,nyharuna,shun,hoshino,sayane,sshiroko,0,
indoor,atk,hoshino,iori,shun,tshiroko,hibiki,sshiroko,iori,marina,hoshino,tshiroko,saki,sshiroko,1,71.0
indoor,atk,tshiroko,iori,shun,hoshino,nagisa,sshiroko,tshiroko,hoshino,marina,iori,saki,sshiroko,0,71.0
indoor,atk,tshiroko,hoshino,marina,nymutsuki,sayane,sshiroko,tshiroko,hoshino,iori,marina,saki,sshiroko,0,71.0
indoor,atk,tshiroko,iori,shun,hoshino,nagisa,sshiroko,tshiroko,hoshino,iori,marina,sayane,sshiroko,1,50.0
indoor,atk,reisa,tshiroko,iori,hoshino,nagisa,sshiroko,iori,hoshino,tshiroko,marina,sayane,sshiroko,1,36.0
indoor,def,marina,tshiroko,shun,hoshino,sayane,sshiroko,iori,tshiroko,hoshino,shun,nagisa,sshiroko,1,
indoor,def,marina,tshiroko,shun,hoshino,sayane,sshiroko,iori,hoshino,tshiroko,haruka,nagisa,sshiroko,1,
indoor,def,marina,tshiroko,shun,hoshino,sayane,sshiroko,iori,hoshino,tshiroko,haruka,nagisa,sshiroko,1,
indoor,def,marina,tshiroko,shun,hoshino,sayane,sshiroko,iori,hoshino,tshiroko,shun,nagisa,sshiroko,1,
indoor,def,marina,tshiroko,shun,hoshino,sayane,sshiroko,hoshino,shun,tshiroko,marina,sayane,sshiroko,1,
indoor,atk,reisa,tshiroko,shun,hoshino,nagisa,sshiroko,iori,hoshino,tshiroko,marina,sayane,sshiroko,0,36.0
indoor,atk,reisa,tshiroko,shun,hoshino,nagisa,sshiroko,tshiroko,hoshino,iori,marina,sayane,sshiroko,1,25.0
indoor,atk,reisa,tshiroko,shun,marina,sayane,sshiroko,tshiroko,hoshino,iori,marina,sayane,sshiroko,0,25.0
indoor,atk,reisa,tshiroko,shun,marina,sayane,sshiroko,iori,marina,tshiroko,hoshino,sayane,sshiroko,0,25.0
indoor,atk,reisa,tshiroko,shun,marina,sayane,sshiroko,iori,marina,hoshino,tshiroko,sayane,sshiroko,0,25.0
indoor,def,marina,tshiroko,shun,hoshino,sayane,sshiroko,nyharuna,haruka,shun,marina,sayane,sshiroko,0,
indoor,def,marina,tshiroko,shun,hoshino,sayane,sshiroko,tshiroko,iori,hoshino,marina,nagisa,sshiroko,1,
indoor,atk,marina,tshiroko,shun,hoshino,sayane,sshiroko,tshiroko,marina,hoshino,iori,sayane,sshiroko,0,36.0
indoor,atk,marina,tshiroko,shun,hoshino,sayane,sshiroko,tshiroko,marina,iori,hoshino,sayane,sshiroko,1,25.0
indoor,atk,tshiroko,hoshino,shun,marina,sayane,sshiroko,tshiroko,hoshino,iori,marina,sayane,sshiroko,1,17.0
indoor,atk,reisa,tshiroko,marina,hoshino,minori,sshiroko,iori,marina,tshiroko,hoshino,sayane,sshiroko,0,17.0
indoor,atk,reisa,tshiroko,marina,hoshino,minori,sshiroko,shun,hoshino,tshiroko,marina,sayane,sshiroko,1,11.0
indoor,def,marina,tshiroko,shun,hoshino,sayane,sshiroko,tshiroko,marina,reisa,haruka,sayane,sshiroko,0,
indoor,def,marina,tshiroko,shun,hoshino,sayane,sshiroko,tshiroko,hoshino,marina,haruka,saki,sshiroko,0,
indoor,def,marina,tshiroko,shun,hoshino,sayane,sshiroko,hoshino,marina,tshiroko,iori,sayane,sshiroko,0,
indoor,def,marina,tshiroko,shun,hoshino,sayane,sshiroko,tshiroko,hoshino,haruka,iori,nagisa,sshiroko,1,
indoor,def,marina,tshiroko,shun,hoshino,sayane,sshiroko,tshiroko,hoshino,haruka,iori,nagisa,sshiroko,0,
indoor,def,marina,tshiroko,shun,hoshino,sayane,sshiroko,tshiroko,nymutsuki,shun,hoshino,nagisa,sshiroko,0,
indoor,def,marina,tshiroko,shun,hoshino,sayane,sshiroko,shun,tshiroko,iori,marina,nagisa,sshiroko,1,
indoor,def,marina,tshiroko,shun,hoshino,sayane,sshiroko,shun,tshiroko,marina,iori,nagisa,sshiroko,0,
indoor,def,marina,tshiroko,shun,hoshino,sayane,sshiroko,tshiroko,hoshino,iori,marina,hibiki,sshiroko,1,
indoor,def,marina,tshiroko,shun,hoshino,sayane,sshiroko,marina,tshiroko,shun,iori,nagisa,sshiroko,0,
indoor,def,marina,tshiroko,shun,hoshino,sayane,sshiroko,tshiroko,hoshino,reisa,haruka,nagisa,sshiroko,0,
indoor,atk,tshiroko,shun,nyharuna,hoshino,hibiki,sshiroko,shun,hoshino,tshiroko,marina,sayane,sshiroko,0,146.0
indoor,atk,tshiroko,shun,nyharuna,hoshino,hibiki,sshiroko,nymutsuki,hoshino,tshiroko,yuuka,sayane,sshiroko,0,102.0
indoor,atk,marina,shun,tshiroko,nyharuna,sayane,sshiroko,tshiroko,haruka,hoshino,marina,sayane,sshiroko,1,72.0
indoor,atk,hoshino,marina,tshiroko,iori,sayane,sshiroko,marina,haruka,hoshino,tshiroko,sayane,sshiroko,0,72.0
indoor,atk,hoshino,marina,tshiroko,iori,sayane,sshiroko,tshiroko,marina,hoshino,haruka,sayane,sshiroko,1,50.0
indoor,def,marina,tshiroko,shun,hoshino,sayane,sshiroko,nyharuna,hoshino,shun,tshiroko,sayane,sshiroko,0,
indoor,def,marina,tshiroko,shun,hoshino,sayane,sshiroko,tshiroko,nyharuna,shun,hoshino,hibiki,sshiroko,0,
indoor,def,marina,tshiroko,shun,hoshino,sayane,sshiroko,iori,hoshino,shun,tshiroko,nagisa,sshiroko,1,
indoor,def,marina,tshiroko,shun,hoshino,sayane,sshiroko,hoshino,shun,iori,tshiroko,nagisa,sshiroko,1,
indoor,atk,marina,tshiroko,shun,haruka,sayane,sshiroko,haruka,marina,hoshino,tshiroko,sayane,sshiroko,0,102.0
indoor,atk,marina,tshiroko,shun,haruka,sayane,sshiroko,tshiroko,marina,hoshino,shun,sayane,sshiroko,0,102.0
indoor,atk,shun,hoshino,marina,tshiroko,nagisa,sshiroko,tshiroko,haruka,hoshino,marina,sayane,sshiroko,0,102.0
indoor,atk,shun,hoshino,marina,tshiroko,nagisa,sshiroko,tshiroko,marina,hoshino,haruka,sayane,sshiroko,0,102.0
indoor,atk,shun,hoshino,marina,tshiroko,nagisa,sshiroko,haruka,tshiroko,hoshino,marina,sayane,sshiroko,0,102.0
indoor,def,marina,tshiroko,shun,hoshino,sayane,sshiroko,iori,shun,tshiroko,hoshino,hibiki,sshiroko,1,
indoor,def,marina,tshiroko,shun,hoshino,sayane,sshiroko,sumire,shun,tshiroko,iori,utaha,sshiroko,1,
indoor,def,marina,tshiroko,shun,hoshino,sayane,sshiroko,tshiroko,tsubaki,shun,reisa,nagisa,sshiroko,0,
indoor,def,marina,tshiroko,shun,hoshino,sayane,sshiroko,iori,miyako,tshiroko,hoshino,sayane,sshiroko,1,
indoor,atk,shun,hoshino,tshiroko,iori,minori,sshiroko,tshiroko,marina,hoshino,shun,sayane,sshiroko,0,131.0
indoor,atk,reisa,shun,tshiroko,iori,nagisa,sshiroko,marina,tshiroko,hoshino,shun,sayane,sshiroko,1,91.0
indoor,atk,marina,shun,tshiroko,hoshino,nagisa,sshiroko,tshiroko,hoshino,marina,shun,sayane,sshiroko,1,65.0
indoor,atk,hoshino,tshiroko,marina,shun,nagisa,sshiroko,marina,shun,tshiroko,hoshino,sayane,sshiroko,0,65.0
indoor,atk,marina,tshiroko,shun,hoshino,minori,sshiroko,marina,tshiroko,shun,hoshino,sayane,sshiroko,1,45.0
indoor,def,marina,tshiroko,shun,hoshino,sayane,sshiroko,iori,hoshino,shun,tshiroko,nagisa,sshiroko,1,
indoor,def,marina,tshiroko,shun,hoshino,sayane,sshiroko,haruka,tshiroko,hoshino,reisa,sayane,sshiroko,0,
indoor,def,marina,tshiroko,shun,hoshino,sayane,sshiroko,tshiroko,marina,hoshino,iori,nagisa,sshiroko,1,
indoor,def,marina,tshiroko,shun,hoshino,sayane,sshiroko,tshiroko,hoshino,shun,iori,nagisa,sshiroko,0,
indoor,def,marina,tshiroko,shun,hoshino,sayane,sshiroko,haruka,nyharuna,shun,tshiroko,nagisa,sshiroko,1,
indoor,def,marina,tshiroko,shun,hoshino,sayane,sshiroko,haruka,nyharuna,shun,tshiroko,nagisa,sshiroko,1,
indoor,atk,shun,hoshino,tshiroko,marina,nagisa,sshiroko,hoshino,tshiroko,shun,marina,sayane,sshiroko,1,56.0
indoor,atk,marina,iori,shun,tshiroko,rio,sshiroko,tshiroko,hoshino,shun,marina,sayane,sshiroko,0,56.0
indoor,atk,marina,iori,shun,tshiroko,rio,sshiroko,tshiroko,marina,shun,hoshino,sayane,sshiroko,0,56.0
indoor,atk,marina,iori,shun,tshiroko,rio,sshiroko,marina,tshiroko,hoshino,shun,sayane,sshiroko,1,39.0
indoor,atk,tshiroko,iori,shun,marina,nagisa,sshiroko,hoshino,tshiroko,shun,marina,sayane,sshiroko,1,28.0
indoor,def,hoshino,shun,tshiroko,marina,sayane,sshiroko,iori,hoshino,tshiroko,haruka,nagisa,sshiroko,0,
indoor,def,tshiroko,marina,shun,hoshino,sayane,sshiroko,hoshino,tshiroko,reisa,haruka,sayane,sshiroko,1,
indoor,def,tshiroko,marina,shun,hoshino,sayane,sshiroko,hoshino,tshiroko,iori,haruka,sayane,sshiroko,0,
indoor,def,tshiroko,marina,shun,hoshino,sayane,sshiroko,hoshino,iori,haruka,tshiroko,nagisa,sshiroko,1,
indoor,def,tshiroko,marina,shun,hoshino,sayane,sshiroko,marina,tshiroko,iori,hoshino,sayane,sshiroko,0,
indoor,def,tshiroko,marina,shun,hoshino,sayane,sshiroko,tshiroko,iori,marina,shun,nagisa,sshiroko,1,
indoor,def,tshiroko,marina,shun,hoshino,sayane,sshiroko,hoshino,shun,iori,tshiroko,nagisa,sshiroko,1,
indoor,atk,hoshino,shanako,shun,tshiroko,hibiki,sshiroko,iori,marina,hoshino,tshiroko,sayane,sshiroko,1,59.0
indoor,atk,reisa,iori,tshiroko,hoshino,nyserika,sshiroko,iori,marina,hoshino,tshiroko,sayane,sshiroko,0,59.0
indoor,atk,tshiroko,hoshino,shun,iori,hibiki,sshiroko,hoshino,tshiroko,iori,marina,sayane,sshiroko,1,41.0
indoor,atk,reisa,tshiroko,marina,nymutsuki,sayane,sshiroko,iori,marina,hoshino,tshiroko,sayane,sshiroko,0,41.0
indoor,atk,marina,tshiroko,shun,haruka,sayane,sshiroko,tshiroko,hoshino,marina,iori,sayane,sshiroko,0,41.0
indoor,def,tshiroko,marina,shun,hoshino,sayane,sshiroko,hoshino,shun,tshiroko,reisa,hibiki,sshiroko,0,
indoor,def,tshiroko,marina,shun,hoshino,sayane,sshiroko,tshiroko,hoshino,marina,iori,nagisa,sshiroko,0,
indoor,def,tshiroko,marina,shun,hoshino,sayane,sshiroko,hoshino,tshiroko,shun,marina,nagisa,sshiroko,1,
indoor,def,tshiroko,marina,shun,hoshino,sayane,sshiroko,marina,tshiroko,hoshino,haruka,nagisa,sshiroko,1,
indoor,def,tshiroko,marina,shun,hoshino,sayane,sshiroko,hoshino,tshiroko,shun,marina,nagisa,sshiroko,1,
indoor,def,tshiroko,marina,shun,hoshino,sayane,sshiroko,tshiroko,reisa,marina,iori,sayane,sshiroko,1,
indoor,def,tshiroko,marina,shun,hoshino,sayane,sshiroko,iori,marina,tshiroko,shun,sayane,sshiroko,1,
indoor,def,tshiroko,marina,shun,hoshino,sayane,sshiroko,tshiroko,shun,iori,hoshino,nagisa,sshiroko,1,
indoor,def,tshiroko,marina,shun,hoshino,sayane,sshiroko,hoshino,iori,miyako,tshiroko,nagisa,sshiroko,1,
indoor,atk,shun,hoshino,tshiroko,iori,hibiki,sshiroko,tshiroko,hoshino,marina,iori,sayane,sshiroko,0,85.0
indoor,atk,shun,marina,hoshino,iori,sayane,sshiroko,tshiroko,hoshino,marina,iori,sayane,sshiroko,0,85.0
indoor,atk,iori,marina,tshiroko,hoshino,nagisa,sshiroko,marina,tshiroko,hoshino,iori,sayane,sshiroko,0,85.0
indoor,atk,iori,marina,tshiroko,hoshino,nagisa,sshiroko,tshiroko,marina,hoshino,iori,sayane,sshiroko,0,85.0
indoor,atk,reisa,tshiroko,shun,marina,sayane,sshiroko,iori,marina,hoshino,tshiroko,sayane,sshiroko,1,62.0
indoor,def,tshiroko,marina,shun,hoshino,sayane,sshiroko,iori,haruka,tshiroko,hoshino,hibiki,sshiroko,1,
indoor,def,tshiroko,marina,shun,hoshino,sayane,sshiroko,iori,haruka,tshiroko,hoshino,hibiki,sshiroko,1,
indoor,def,tshiroko,marina,shun,hoshino,sayane,sshiroko,nyharuna,hoshino,shun,tshiroko,nagisa,sshiroko,1,
indoor,def,tshiroko,marina,shun,hoshino,sayane,sshiroko,yuuka,tshiroko,hoshino,shun,nagisa,sshiroko,1,
indoor,atk,shun,marina,hoshino,iori,sayane,sshiroko,marina,tshiroko,iori,hoshino,sayane,sshiroko,0,62.0
indoor,atk,marina,shun,tshiroko,hoshino,nagisa,sshiroko,tshiroko,hoshino,iori,marina,sayane,sshiroko,1,43.0
indoor,atk,tshiroko,hoshino,marina,iori,nagisa,sshiroko,tshiroko,hoshino,iori,marina,sayane,sshiroko,0,43.0
indoor,atk,tshiroko,hoshino,marina,iori,nagisa,sshiroko,tshiroko,hoshino,iori,marina,sayane,sshiroko,0,43.0
indoor,atk,tshiroko,marina,shun,hoshino,nagisa,sshiroko,tshiroko,hoshino,iori,marina,sayane,sshiroko,1,30.0
indoor,def,tshiroko,marina,shun,hoshino,sayane,sshiroko,haruka,tshiroko,hoshino,reisa,sayane,sshiroko,0,
indoor,def,tshiroko,marina,shun,hoshino,sayane,sshiroko,hoshino,shun,tshiroko,iori,nagisa,sshiroko,0,
indoor,def,tshiroko,marina,shun,hoshino,sayane,sshiroko,tshiroko,haruka,iori,marina,minori,sshiroko,0,
indoor,def,tshiroko,marina,shun,hoshino,sayane,sshiroko,hoshino,nyharuna,shun,tshiroko,nagisa,sshiroko,0,
indoor,atk,hoshino,iori,shun,tshiroko,nagisa,sshiroko,iori,marina,tshiroko,hoshino,sayane,sshiroko,0,104.0
indoor,atk,hoshino,iori,shun,tshiroko,nagisa,sshiroko,iori,hoshino,tshiroko,marina,sayane,sshiroko,1,72.0
indoor,atk,tshiroko,iori,shun,hoshino,nagisa,sshiroko,iori,hoshino,tshiroko,marina,sayane,sshiroko,0,72.0
indoor,atk,reisa,tshiroko,hoshino,shun,minori,sshiroko,iori,hoshino,tshiroko,marina,sayane,sshiroko,0,72.0
indoor,atk,reisa,tshiroko,hoshino,shun,minori,sshiroko,iori,marina,tshiroko,hoshino,sayane,sshiroko,0,72.0
indoor,def,tshiroko,marina,shun,hoshino,sayane,sshiroko,tshiroko,hoshino,yuuka,iori,nyserika,sshiroko,0,
indoor,def,tshiroko,marina,shun,hoshino,sayane,sshiroko,iori,hoshino,miyako,tshiroko,minori,sshiroko,1,
indoor,def,tshiroko,marina,shun,hoshino,sayane,sshiroko,tshiroko,iori,shun,hoshino,nagisa,sshiroko,1,
indoor,atk,reisa,iori,tshiroko,hoshino,nyserika,sshiroko,iori,marina,tshiroko,hoshino,sayane,sshiroko,1,68.0
indoor,atk,haruka,tshiroko,tsurugi,hoshino,nagisa,sshiroko,tshiroko,marina,iori,hoshino,sayane,sshiroko,1,49.0
indoor,atk,marina,yuuka,iori,shun,iroha,sshiroko,tshiroko,marina,iori,hoshino,sayane,sshiroko,1,37.0
indoor,atk,marina,iori,shun,tshiroko,nagisa,sshiroko,tshiroko,marina,iori,hoshino,sayane,sshiroko,0,37.0
indoor,atk,marina,iori,shun,tshiroko,nagisa,sshiroko,tshiroko,marina,iori,hoshino,sayane,sshiroko,1,27.0
indoor,def,tshiroko,marina,shun,hoshino,sayane,sshiroko,hoshino,tshiroko,marina,shun,sayane,sshiroko,0,
indoor,def,tshiroko,marina,shun,hoshino,sayane,sshiroko,iori,hoshino,marina,shun,sayane,sshiroko,0,
indoor,def,tshiroko,marina,shun,hoshino,sayane,sshiroko,tshiroko,marina,hoshino,haruka,nagisa,sshiroko,0,
indoor,def,tshiroko,marina,shun,hoshino,sayane,sshiroko,hoshino,iori,tshiroko,marina,sayane,sshiroko,0,
indoor,def,tshiroko,marina,shun,hoshino,sayane,sshiroko,hoshino,marina,tshiroko,iori,sayane,sshiroko,1,
indoor,def,tshiroko,marina,shun,hoshino,sayane,sshiroko,marina,hoshino,tshiroko,reisa,sayane,sshiroko,1,
indoor,def,tshiroko,marina,shun,hoshino,sayane,sshiroko,marina,hoshino,tshiroko,reisa,sayane,sshiroko,1,
indoor,def,tshiroko,marina,shun,hoshino,sayane,sshiroko,tshiroko,marina,hoshino,haruka,saki,sshiroko,1,
indoor,atk,reisa,tshiroko,marina,hoshino,nagisa,sshiroko,iori,marina,tshiroko,hoshino,sayane,sshiroko,1,74.0
indoor,atk,marina,tshiroko,hoshino,nymutsuki,sayane,sshiroko,iori,marina,tshiroko,hoshino,sayane,sshiroko,0,74.0
indoor,atk,tshiroko,iori,shun,hoshino,nagisa,sshiroko,iori,marina,tshiroko,hoshino,sayane,sshiroko,0,74.0
indoor,atk,marina,tshiroko,hoshino,nymutsuki,sayane,sshiroko,iori,marina,tshiroko,hoshino,sayane,sshiroko,0,74.0
indoor,atk,reisa,shun,tshiroko,hoshino,nagisa,sshiroko,iori,marina,tshiroko,hoshino,sayane,sshiroko,1,55.0
indoor,def,tshiroko,marina,shun,hoshino,sayane,sshiroko,tshiroko,nyharuna,shun,hoshino,hibiki,sshiroko,1,
indoor,def,tshiroko,marina,shun,hoshino,sayane,sshiroko,nyharuna,shun,hoshino,tshiroko,nagisa,sshiroko,1,
indoor,def,tshiroko,marina,shun,hoshino,sayane,sshiroko,iori,hoshino,tshiroko,shun,hibiki,sshiroko,0,
indoor,def,tshiroko,marina,shun,hoshino,sayane,sshiroko,tshiroko,nyharuna,shun,hoshino,sayane,sshiroko,0,
indoor,atk,tshiroko,shun,reisa,iori,hibiki,sshiroko,iori,hoshino,tshiroko,marina,sayane,sshiroko,1,78.0
indoor,atk,hoshino,haruka,tshiroko,marina,nagisa,sshiroko,iori,hoshino,tshiroko,marina,sayane,sshiroko,1,55.0
indoor,atk,tshiroko,shun,iori,hoshino,sayane,sshiroko,iori,hoshino,tshiroko,marina,sayane,sshiroko,1,40.0
indoor,atk,hoshino,tshiroko,haruka,nymutsuki,sayane,sshiroko,iori,hoshino,tshiroko,marina,sayane,sshiroko,0,40.0
indoor,atk,hoshino,tshiroko,haruka,nymutsuki,sayane,sshiroko,iori,hoshino,tshiroko,marina,sayane,sshiroko,1,29.0
indoor,def,tshiroko,marina,shun,hoshino,sayane,sshiroko,tshiroko,hoshino,azusa,haruka,nagisa,sshiroko,0,
indoor,def,tshiroko,marina,shun,hoshino,sayane,sshiroko,hoshino,tshiroko,marina,shun,hibiki,sshiroko,0,
indoor,def,tshiroko,marina,shun,hoshino,sayane,sshiroko,marina,tshiroko,iori,hoshino,sayane,sshiroko,0,
indoor,def,tshiroko,marina,shun,hoshino,sayane,sshiroko,iori,hoshino,tshiroko,shun,sayane,sshiroko,0,
indoor,def,tshiroko,marina,shun,hoshino,sayane,sshiroko,shun,hoshino,tshiroko,iori,utaha,sshiroko,1,
indoor,def,tshiroko,marina,shun,hoshino,sayane,sshiroko,iori,hoshino,shanako,tshiroko,nagisa,sshiroko,1,
indoor,def,tshiroko,marina,shun,hoshino,sayane,sshiroko,hoshino,tshiroko,shun,marina,nagisa,sshiroko,1,
indoor,def,tshiroko,marina,shun,hoshino,sayane,sshiroko,tshiroko,iori,hoshino,shun,nagisa,sshiroko,1,
indoor,atk,iori,marina,tshiroko,hoshino,nagisa,sshiroko,marina,tshiroko,iori,hoshino,sayane,sshiroko,1,82.0
indoor,atk,tshiroko,iori,hoshino,shun,hibiki,sshiroko,marina,tshiroko,iori,hoshino,sayane,sshiroko,1,58.0
indoor,atk,marina,shun,tshiroko,hoshino,nagisa,sshiroko,marina,tshiroko,iori,hoshino,sayane,sshiroko,0,58.0
indoor,atk,marina,shun,tshiroko,hoshino,nagisa,sshiroko,marina,tshiroko,iori,hoshino,sayane,sshiroko,1,40.0
indoor,atk,marina,tshiroko,shun,hoshino,sayane,sshiroko,marina,tshiroko,iori,hoshino,sayane,sshiroko,1,28.0
indoor,atk,reisa,tshiroko,shun,marina,sayane,sshiroko,marina,tshiroko,iori,hoshino,sayane,sshiroko,0,28.0
indoor,atk,reisa,tshiroko,shun,marina,sayane,sshiroko,marina,tshiroko,iori,hoshino,sayane,sshiroko,1,19.0
indoor,atk,hoshino,tshiroko,haruka,nymutsuki,sayane,sshiroko,marina,tshiroko,iori,hoshino,sayane,sshiroko,1,13.0
indoor,atk,reisa,marina,hoshino,tshiroko,sayane,sshiroko,marina,tshiroko,iori,hoshino,sayane,sshiroko,1,9.0
indoor,atk,reisa,hoshino,marina,tshiroko,saki,sshiroko,marina,tshiroko,iori,hoshino,sayane,sshiroko,0,9.0
indoor,def,tshiroko,marina,shun,hoshino,sayane,sshiroko,hoshino,shun,iori,tshiroko,nagisa,sshiroko,1,
indoor,def,tshiroko,marina,shun,hoshino,sayane,sshiroko,hoshino,reisa,tshiroko,marina,saki,sshiroko,0,
indoor,def,hoshino,tshiroko,shun,marina,sayane,sshiroko,iori,hoshino,tshiroko,haruka,saki,sshiroko,1,
indoor,def,hoshino,tshiroko,shun,marina,sayane,sshiroko,tshiroko,haruka,iori,marina,sayane,sshiroko,1,
indoor,def,hoshino,tshiroko,shun,marina,sayane,sshiroko,tshiroko,hoshino,shun,marina,sayane,sshiroko,0,
indoor,atk,marina,iori,tshiroko,hoshino,nagisa,sshiroko,marina,tshiroko,iori,hoshino,sayane,sshiroko,1,12.0
indoor,atk,marina,tshiroko,hoshino,iori,nagisa,sshiroko,marina,tshiroko,iori,hoshino,sayane,sshiroko,1,8.0
indoor,atk,hoshino,tshiroko,shun,marina,sayane,sshiroko,marina,tshiroko,iori,hoshino,sayane,sshiroko,1,2.0
indoor,atk,reisa,shun,tshiroko,marina,nagisa,sshiroko,marina,tshiroko,iori,hoshino,sayane,sshiroko,0,2.0
indoor,def,hoshino,tshiroko,shun,marina,sayane,sshiroko,iori,tshiroko,hoshino,marina,sayane,sshiroko,0,
indoor,def,hoshino,tshiroko,shun,marina,sayane,sshiroko,marina,hoshino,tshiroko,haruka,sayane,sshiroko,1,
indoor,def,hoshino,tshiroko,shun,marina,sayane,sshiroko,iori,hoshino,tshiroko,haruka,saki,sshiroko,0,
indoor,def,hoshino,tshiroko,shun,marina,sayane,sshiroko,iori,hoshino,tshiroko,marina,saki,sshiroko,0,
indoor,def,hoshino,tshiroko,shun,marina,sayane,sshiroko,tshiroko,hoshino,haruka,shun,sayane,sshiroko,1,
indoor,def,hoshino,tshiroko,shun,marina,sayane,sshiroko,iori,marina,tshiroko,haruka,sayane,sshiroko,0,
indoor,def,hoshino,tshiroko,shun,marina,sayane,sshiroko,hoshino,nyharuna,tshiroko,marina,sayane,sshiroko,1,
indoor,def,hoshino,tshiroko,shun,marina,sayane,sshiroko,hoshino,iori,tshiroko,marina,sayane,sshiroko,0,
indoor,atk,reisa,shun,tshiroko,hoshino,sayane,sshiroko,marina,tshiroko,iori,hoshino,sayane,sshiroko,1,13.0
indoor,atk,reisa,shun,marina,tshiroko,sayane,sshiroko,marina,tshiroko,iori,hoshino,sayane,sshiroko,0,13.0
indoor,atk,reisa,shun,marina,tshiroko,sayane,sshiroko,marina,tshiroko,iori,hoshino,sayane,sshiroko,0,13.0
indoor,atk,reisa,shun,marina,tshiroko,sayane,sshiroko,marina,tshiroko,iori,hoshino,sayane,sshiroko,0,13.0
indoor,atk,reisa,shun,marina,tshiroko,sayane,sshiroko,marina,tshiroko,iori,hoshino,sayane,sshiroko,1,9.0
indoor,def,hoshino,tshiroko,shun,marina,sayane,sshiroko,hoshino,shun,tshiroko,marina,sayane,sshiroko,0,
indoor,def,hoshino,tshiroko,shun,marina,sayane,sshiroko,hoshino,tsurugi,tshiroko,haruka,utaha,sshiroko,0,
indoor,def,hoshino,tshiroko,shun,marina,sayane,sshiroko,tshiroko,hoshino,shun,marina,sayane,sshiroko,0,
indoor,def,hoshino,tshiroko,shun,marina,sayane,sshiroko,shun,tshiroko,hoshino,iori,hibiki,sshiroko,0,
indoor,def,hoshino,tshiroko,shun,marina,sayane,sshiroko,haruka,tshiroko,hoshino,reisa,sayane,sshiroko,0,
indoor,def,hoshino,tshiroko,shun,marina,sayane,sshiroko,iori,haruka,shun,tshiroko,nagisa,sshiroko,0,
indoor,def,hoshino,tshiroko,shun,marina,sayane,sshiroko,shun,hoshino,tshiroko,marina,nagisa,sshiroko,1,
indoor,def,hoshino,tshiroko,shun,marina,sayane,sshiroko,hoshino,shun,tshiroko,iori,hibiki,sshiroko,1,
indoor,def,hoshino,tshiroko,shun,marina,sayane,sshiroko,hoshino,tshiroko,shun,marina,nagisa,sshiroko,1,
indoor,def,hoshino,tshiroko,shun,marina,sayane,sshiroko,hoshino,haruka,iori,tshiroko,nagisa,sshiroko,1,
indoor,atk,tshiroko,shun,hoshino,iori,nagisa,sshiroko,marina,tshiroko,iori,hoshino,sayane,sshiroko,1,48.0
indoor,atk,marina,tshiroko,shun,hoshino,sayane,sshiroko,marina,tshiroko,iori,hoshino,sayane,sshiroko,0,48.0
indoor,atk,marina,tshiroko,shun,hoshino,sayane,sshiroko,marina,tshiroko,iori,hoshino,sayane,sshiroko,0,48.0
indoor,atk,marina,tshiroko,shun,hoshino,sayane,sshiroko,marina,tshiroko,iori,hoshino,sayane,sshiroko,1,33.0
indoor,atk,marina,tshiroko,shun,haruka,sayane,sshiroko,marina,tshiroko,iori,hoshino,sayane,sshiroko,0,33.0
indoor,def,hoshino,tshiroko,shun,marina,sayane,sshiroko,tshiroko,marina,reisa,haruka,sayane,sshiroko,1,
indoor,def,hoshino,tshiroko,shun,marina,sayane,sshiroko,iori,hoshino,tshiroko,haruka,saki,sshiroko,1,
indoor,def,hoshino,tshiroko,shun,marina,sayane,sshiroko,nyharuna,hoshino,tshiroko,haruka,nagisa,sshiroko,1,
indoor,def,hoshino,tshiroko,shun,marina,sayane,sshiroko,iori,hoshino,tshiroko,shun,sayane,sshiroko,1,
indoor,def,hoshino,tshiroko,shun,marina,sayane,sshiroko,iori,marina,tshiroko,haruka,sayane,sshiroko,0,
indoor,def,hoshino,tshiroko,shun,marina,sayane,sshiroko,iori,hoshino,tshiroko,shun,sayane,sshiroko,0,
indoor,def,hoshino,tshiroko,shun,marina,sayane,sshiroko,iori,hoshino,tshiroko,haruka,saki,sshiroko,0,
indoor,atk,reisa,shun,marina,tshiroko,sayane,sshiroko,marina,tshiroko,iori,hoshino,sayane,sshiroko,1,69.0
indoor,atk,reisa,shun,marina,tshiroko,sayane,sshiroko,marina,tshiroko,iori,hoshino,sayane,sshiroko,1,48.0
indoor,atk,hoshino,tshiroko,haruka,iori,nagisa,sshiroko,marina,tshiroko,iori,hoshino,sayane,sshiroko,1,33.0
indoor,atk,reisa,tshiroko,shun,marina,sayane,sshiroko,marina,tshiroko,iori,hoshino,sayane,sshiroko,1,23.0
indoor,atk,hoshino,marina,reisa,tshiroko,saki,sshiroko,marina,tshiroko,iori,hoshino,sayane,sshiroko,1,16.0
indoor,def,hoshino,tshiroko,shun,marina,sayane,sshiroko,tshiroko,marina,reisa,haruka,sayane,sshiroko,1,
indoor,def,hoshino,tshiroko,shun,marina,sayane,sshiroko,iori,hoshino,tshiroko,haruka,saki,sshiroko,1,
indoor,def,hoshino,tshiroko,shun,marina,sayane,sshiroko,sumire,reisa,hoshino,tshiroko,minori,sshiroko,0,
indoor,def,hoshino,tshiroko,shun,marina,sayane,sshiroko,iori,hoshino,tshiroko,haruka,sayane,sshiroko,0,
indoor,atk,hoshino,tshiroko,haruka,nymutsuki,sayane,sshiroko,marina,tshiroko,iori,hoshino,sayane,sshiroko,0,32.0
indoor,atk,hoshino,tshiroko,haruka,nymutsuki,sayane,sshiroko,marina,tshiroko,iori,hoshino,sayane,sshiroko,1,22.0
indoor,atk,reisa,tshiroko,marina,shun,sayane,sshiroko,marina,tshiroko,iori,hoshino,sayane,sshiroko,0,22.0
indoor,atk,reisa,tshiroko,marina,shun,sayane,sshiroko,marina,tshiroko,iori,hoshino,sayane,sshiroko,0,22.0
indoor,atk,reisa,tshiroko,marina,shun,sayane,sshiroko,marina,tshiroko,iori,hoshino,sayane,sshiroko,1,15.0
indoor,def,hoshino,tshiroko,shun,marina,sayane,sshiroko,iori,hoshino,haruka,tshiroko,sayane,sshiroko,1,
indoor,def,hoshino,tshiroko,shun,marina,sayane,sshiroko,hoshino,tshiroko,mika,haruka,utaha,sshiroko,1,
indoor,def,hoshino,tshiroko,shun,marina,sayane,sshiroko,iori,hoshino,haruka,tshiroko,sayane,sshiroko,0,
indoor,def,hoshino,tshiroko,shun,marina,sayane,sshiroko,nyharuna,hoshino,tshiroko,marina,nagisa,sshiroko,0,
indoor,def,hoshino,tshiroko,shun,marina,sayane,sshiroko,iori,marina,tshiroko,haruka,hibiki,sshiroko,0,
indoor,def,hoshino,tshiroko,shun,marina,sayane,sshiroko,tshiroko,hoshino,haruka,iori,nagisa,sshiroko,1,
indoor,atk,reisa,tshiroko,marina,hoshino,sayane,sshiroko,marina,tshiroko,iori,hoshino,sayane,sshiroko,0,45.0
indoor,atk,reisa,tshiroko,marina,hoshino,sayane,sshiroko,marina,tshiroko,iori,hoshino,sayane,sshiroko,0,45.0
indoor,atk,tshiroko,iori,shun,hoshino,nagisa,sshiroko,marina,tshiroko,iori,hoshino,sayane,sshiroko,1,32.0
indoor,atk,reisa,hoshino,marina,tshiroko,saki,sshiroko,marina,tshiroko,iori,hoshino,sayane,sshiroko,0,32.0
indoor,atk,reisa,hoshino,marina,tshiroko,saki,sshiroko,marina,tshiroko,iori,hoshino,sayane,sshiroko,1,22.0
indoor,def,hoshino,tshiroko,shun,marina,sayane,sshiroko,tshiroko,marina,haruka,iori,nagisa,sshiroko,1,
indoor,def,hoshino,tshiroko,shun,marina,sayane,sshiroko,iori,marina,haruka,tshiroko,nagisa,sshiroko,1,
indoor,def,hoshino,tshiroko,shun,marina,sayane,sshiroko,iori,tshiroko,shun,hoshino,nagisa,sshiroko,1,
indoor,def,hoshino,tshiroko,shun,marina,sayane,sshiroko,marina,tshiroko,iori,hoshino,sayane,sshiroko,0,
indoor,def,hoshino,tshiroko,shun,marina,sayane,sshiroko,mika,hoshino,tshiroko,haruka,hibiki,sshiroko,0,
indoor,def,hoshino,tshiroko,shun,marina,sayane,sshiroko,iori,hoshino,tshiroko,shun,hibiki,sshiroko,0,
indoor,atk,tshiroko,marina,shun,hoshino,nagisa,sshiroko,marina,tshiroko,iori,hoshino,sayane,sshiroko,1,36.0
indoor,atk,reisa,tshiroko,shun,marina,sayane,sshiroko,marina,tshiroko,iori,hoshino,sayane,sshiroko,0,36.0
indoor,atk,marina,tshiroko,shun,hoshino,sayane,sshiroko,marina,tshiroko,iori,hoshino,sayane,sshiroko,1,25.0
indoor,atk,marina,hoshino,tshiroko,iori,sayane,sshiroko,marina,tshiroko,iori,hoshino,sayane,sshiroko,1,17.0
indoor,atk,hoshino,tshiroko,haruka,nymutsuki,sayane,sshiroko,marina,tshiroko,iori,hoshino,sayane,sshiroko,0,17.0
indoor,def,hoshino,tshiroko,shun,marina,sayane,sshiroko,nyharuna,hoshino,tshiroko,haruka,nagisa,sshiroko,0,
indoor,def,hoshino,tshiroko,shun,marina,sayane,sshiroko,iori,hoshino,tshiroko,shun,hibiki,sshiroko,0,
indoor,def,hoshino,tshiroko,shun,marina,sayane,sshiroko,iori,hoshino,tshiroko,haruka,sayane,sshiroko,0,
indoor,def,hoshino,tshiroko,shun,marina,sayane,sshiroko,nyharuna,hoshino,tshiroko,marina,nagisa,sshiroko,1,
indoor,def,hoshino,tshiroko,shun,marina,sayane,sshiroko,tshiroko,hoshino,marina,haruka,sayane,sshiroko,1,
indoor,def,hoshino,tshiroko,shun,marina,sayane,sshiroko,tshiroko,haruka,marina,iori,nagisa,sshiroko,1,
indoor,atk,hoshino,tshiroko,shun,marina,sayane,sshiroko,hoshino,tshiroko,iori,marina,sayane,sshiroko,1,30.0
indoor,atk,marina,tshiroko,shun,hoshino,nagisa,sshiroko,hoshino,tshiroko,iori,marina,sayane,sshiroko,1,21.0
indoor,atk,reisa,tshiroko,shun,marina,sayane,sshiroko,hoshino,tshiroko,iori,marina,sayane,sshiroko,1,14.0
indoor,atk,tshiroko,iori,shun,hoshino,nagisa,sshiroko,hoshino,tshiroko,iori,marina,sayane,sshiroko,1,9.0
indoor,atk,reisa,iori,marina,tshiroko,sayane,sshiroko,hoshino,tshiroko,iori,marina,sayane,sshiroko,0,9.0
indoor,def,hoshino,tshiroko,shun,marina,sayane,sshiroko,hoshino,tsurugi,tshiroko,haruka,hibiki,sshiroko,0,
indoor,def,hoshino,tshiroko,shun,marina,sayane,sshiroko,tshiroko,nymutsuki,shun,hoshino,sayane,sshiroko,0,
indoor,def,hoshino,tshiroko,shun,marina,sayane,sshiroko,nyharuna,hoshino,tshiroko,marina,nagisa,sshiroko,0,
indoor,def,hoshino,tshiroko,shun,marina,sayane,sshiroko,iori,hoshino,tshiroko,haruka,hibiki,sshiroko,0,
indoor,def,hoshino,tshiroko,shun,marina,sayane,sshiroko,iori,hoshino,tshiroko,tsubaki,nagisa,sshiroko,1,
indoor,def,hoshino,tshiroko,shun,marina,sayane,sshiroko,iori,hoshino,tshiroko,marina,nagisa,sshiroko,1,
indoor,def,hoshino,tshiroko,shun,marina,sayane,sshiroko,marina,tshiroko,shun,hoshino,nagisa,sshiroko,1,
indoor,def,hoshino,tshiroko,shun,marina,sayane,sshiroko,tshiroko,hoshino,haruka,shun,sayane,sshiroko,1,
indoor,atk,hoshino,iori,shun,tshiroko,nagisa,sshiroko,tshiroko,hoshino,iori,marina,sayane,sshiroko,1,28.0
indoor,atk,marina,tshiroko,shun,hoshino,nagisa,sshiroko,tshiroko,hoshino,iori,marina,sayane,sshiroko,1,19.0
indoor,atk,marina,tshiroko,shun,hoshino,sayane,sshiroko,tshiroko,hoshino,iori,marina,sayane,sshiroko,0,19.0
indoor,atk,reisa,iori,marina,tshiroko,sayane,sshiroko,tshiroko,hoshino,iori,marina,sayane,sshiroko,0,19.0
indoor,atk,reisa,iori,marina,tshiroko,sayane,sshiroko,tshiroko,hoshino,iori,marina,sayane,sshiroko,1,13.0
indoor,def,hoshino,tshiroko,shun,marina,sayane,sshiroko,hoshino,tsurugi,nyharuna,haruka,utaha,sshiroko,0,
indoor,atk,marina,tshiroko,shun,hoshino,sayane,sshiroko,tshiroko,hoshino,marina,iori,sayane,sshiroko,1,12.0
indoor,atk,tshiroko,iori,shun,hoshino,nagisa,sshiroko,tshiroko,hoshino,marina,iori,sayane,sshiroko,1,8.0
indoor,atk,tshiroko,shun,nyharuna,hoshino,sayane,sshiroko,tshiroko,hoshino,marina,iori,sayane,sshiroko,1,5.0
indoor,atk,reisa,tshiroko,shun,marina,sayane,sshiroko,tshiroko,hoshino,marina,iori,sayane,sshiroko,1,2.0
indoor,atk,reisa,hoshino,marina,tshiroko,saki,sshiroko,tshiroko,hoshino,marina,iori,sayane,sshiroko,0,2.0
indoor,def,hoshino,tshiroko,shun,marina,sayane,sshiroko,hoshino,tsurugi,tshiroko,haruka,saki,sshiroko,0,
indoor,def,hoshino,tshiroko,shun,marina,sayane,sshiroko,hoshino,tsurugi,tshiroko,haruka,saki,sshiroko,0,
indoor,def,hoshino,tshiroko,shun,marina,sayane,sshiroko,hoshino,shun,marina,tshiroko,sayane,sshiroko,0,
indoor,def,hoshino,tshiroko,shun,marina,sayane,sshiroko,iori,hoshino,tshiroko,haruka,nagisa,sshiroko,0,
indoor,def,hoshino,tshiroko,shun,marina,sayane,sshiroko,marina,shun,tshiroko,hoshino,sayane,sshiroko,0,
indoor,def,hoshino,tshiroko,shun,marina,sayane,sshiroko,hoshino,tshiroko,shun,marina,nagisa,sshiroko,0,
indoor,def,hoshino,tshiroko,shun,marina,sayane,sshiroko,iori,hoshino,marina,tshiroko,saki,sshiroko,0,
indoor,def,hoshino,tshiroko,shun,marina,sayane,sshiroko,shun,tshiroko,hoshino,iori,hibiki,sshiroko,1,
indoor,def,hoshino,tshiroko,shun,marina,sayane,sshiroko,iori,hoshino,tshiroko,haruka,nagisa,sshiroko,1,
indoor,def,hoshino,tshiroko,shun,marina,sayane,sshiroko,iori,hoshino,tshiroko,marina,nagisa,sshiroko,1,
indoor,def,hoshino,tshiroko,shun,marina,sayane,sshiroko,iori,hoshino,tshiroko,marina,sayane,sshiroko,1,
indoor,def,hoshino,tshiroko,shun,marina,sayane,sshiroko,hoshino,shun,tshiroko,marina,sayane,sshiroko,1,
indoor,def,hoshino,tshiroko,shun,marina,sayane,sshiroko,hoshino,shun,marina,tshiroko,sayane,sshiroko,1,
indoor,atk,marina,tshiroko,shun,hoshino,nagisa,sshiroko,iori,hoshino,marina,tshiroko,sayane,sshiroko,0,47.0
indoor,atk,marina,tshiroko,shun,hoshino,nagisa,sshiroko,iori,hoshino,marina,tshiroko,sayane,sshiroko,0,47.0
indoor,atk,marina,tshiroko,shun,hoshino,nagisa,sshiroko,iori,hoshino,marina,tshiroko,sayane,sshiroko,0,47.0
indoor,atk,marina,tshiroko,shun,hoshino,nagisa,sshiroko,iori,hoshino,marina,tshiroko,sayane,sshiroko,1,32.0
indoor,atk,marina,tshiroko,reisa,nymutsuki,saki,sshiroko,iori,hoshino,marina,tshiroko,sayane,sshiroko,1,22.0
indoor,def,hoshino,shun,tshiroko,marina,sayane,sshiroko,tshiroko,nyharuna,marina,hoshino,nagisa,sshiroko,1,
indoor,def,hoshino,shun,tshiroko,marina,sayane,sshiroko,tshiroko,iori,marina,hoshino,nagisa,sshiroko,1,
indoor,def,hoshino,shun,tshiroko,marina,sayane,sshiroko,tshiroko,iori,nyharuna,hoshino,nagisa,sshiroko,0,
indoor,def,hoshino,shun,tshiroko,marina,sayane,sshiroko,iori,haruka,hoshino,tshiroko,nagisa,sshiroko,0,
indoor,def,hoshino,shun,tshiroko,marina,sayane,sshiroko,marina,junko,hoshino,tshiroko,hibiki,sshiroko,0,
indoor,def,hoshino,shun,tshiroko,marina,sayane,sshiroko,iori,sumire,tshiroko,shun,utaha,sshiroko,1,
indoor,def,hoshino,shun,tshiroko,marina,sayane,sshiroko,tshiroko,shun,marina,iori,sayane,sshiroko,1,
indoor,def,hoshino,shun,tshiroko,marina,sayane,sshiroko,tshiroko,shun,marina,iori,sayane,sshiroko,1,
indoor,def,hoshino,shun,tshiroko,marina,sayane,sshiroko,hoshino,tsurugi,tshiroko,haruka,saki,sshiroko,1,
indoor,def,hoshino,shun,tshiroko,marina,sayane,sshiroko,shanako,hoshino,marina,tshiroko,nagisa,sshiroko,1,
indoor,atk,marina,iori,tshiroko,hoshino,hibiki,sshiroko,tshiroko,iori,marina,hoshino,sayane,sshiroko,0,66.0
indoor,atk,tshiroko,iori,shun,hoshino,nagisa,sshiroko,tshiroko,iori,marina,hoshino,sayane,sshiroko,0,66.0
indoor,atk,tshiroko,iori,hoshino,shun,nagisa,sshiroko,tshiroko,iori,marina,hoshino,sayane,sshiroko,1,47.0
indoor,atk,reisa,marina,hoshino,tshiroko,saki,sshiroko,tshiroko,iori,marina,hoshino,sayane,sshiroko,0,47.0
indoor,atk,marina,iori,tshiroko,hoshino,hibiki,sshiroko,tshiroko,iori,marina,hoshino,sayane,sshiroko,0,66.0
indoor,def,hoshino,shun,tshiroko,marina,sayane,sshiroko,tshiroko,nyharuna,marina,hoshino,nagisa,sshiroko,0,
indoor,def,hoshino,shun,tshiroko,marina,sayane,sshiroko,iori,marina,tshiroko,hoshino,nagisa,sshiroko,0,
indoor,def,hoshino,shun,tshiroko,marina,sayane,sshiroko,hoshino,iori,shun,tshiroko,sayane,sshiroko,0,
indoor,def,hoshino,shun,tshiroko,marina,sayane,sshiroko,tshiroko,marina,shun,hoshino,nagisa,sshiroko,1,
indoor,atk,tshiroko,marina,shun,hoshino,nagisa,sshiroko,marina,iori,tshiroko,hoshino,sayane,sshiroko,1,116.0
indoor,atk,marina,tshiroko,hoshino,iori,nagisa,sshiroko,marina,iori,tshiroko,hoshino,sayane,sshiroko,0,116.0
indoor,atk,iori,marina,hoshino,tshiroko,hibiki,sshiroko,marina,iori,tshiroko,hoshino,sayane,sshiroko,1,83.0
indoor,atk,shun,marina,hoshino,iori,sayane,sshiroko,marina,iori,tshiroko,hoshino,sayane,sshiroko,1,62.0
indoor,atk,hoshino,tshiroko,haruka,iori,nagisa,sshiroko,marina,iori,tshiroko,hoshino,sayane,sshiroko,0,62.0
indoor,def,hoshino,shun,tshiroko,marina,sayane,sshiroko,iori,hoshino,tshiroko,haruka,saki,sshiroko,1,
indoor,def,hoshino,shun,tshiroko,marina,sayane,sshiroko,hoshino,nyharuna,tshiroko,marina,nagisa,sshiroko,0,
indoor,def,hoshino,shun,tshiroko,marina,sayane,sshiroko,tshiroko,shun,iori,marina,nagisa,sshiroko,0,
indoor,atk,tshiroko,marina,hoshino,shanako,nagisa,sshiroko,hoshino,iori,tshiroko,marina,sayane,sshiroko,1,87.0
indoor,atk,hoshino,tshiroko,haruka,iori,nagisa,sshiroko,hoshino,iori,tshiroko,marina,sayane,sshiroko,1,61.0
indoor,atk,reisa,tshiroko,shun,haruka,saki,sshiroko,hoshino,iori,tshiroko,marina,sayane,sshiroko,0,61.0
indoor,atk,reisa,tshiroko,shun,haruka,saki,sshiroko,hoshino,iori,tshiroko,marina,sayane,sshiroko,0,61.0
indoor,atk,reisa,tshiroko,shun,haruka,saki,sshiroko,hoshino,iori,tshiroko,marina,sayane,sshiroko,0,61.0
indoor,def,hoshino,shun,tshiroko,marina,sayane,sshiroko,hoshino,tshiroko,iori,haruka,hibiki,sshiroko,0
indoor,def,hoshino,shun,tshiroko,marina,sayane,sshiroko,hoshino,iori,shun,tshiroko,nagisa,sshiroko,0
indoor,def,hoshino,shun,tshiroko,marina,sayane,sshiroko,iori,hoshino,tshiroko,marina,ssayane,sshiroko,1
indoor,def,hoshino,shun,tshiroko,marina,sayane,sshiroko,iori,hoshino,tshiroko,haruka,ssayane,sshiroko,1
indoor,def,hoshino,shun,tshiroko,marina,sayane,sshiroko,tshiroko,marina,reisa,haruka,ssayane,sshiroko,1
indoor,def,hoshino,shun,tshiroko,marina,sayane,sshiroko,tshiroko,shun,iori,hoshino,nagisa,sshiroko,1
indoor,atk,tshiroko,hoshino,marina,iori,nagisa,sshiroko,hoshino,iori,tshiroko,marina,sayane,sshiroko,0,108
indoor,atk,tshiroko,hoshino,marina,iori,nagisa,sshiroko,hoshino,iori,tshiroko,marina,sayane,sshiroko,0,108
indoor,atk,tshiroko,hoshino,marina,iori,nagisa,sshiroko,hoshino,iori,tshiroko,marina,sayane,sshiroko,0,108
indoor,atk,tshiroko,hoshino,marina,iori,nagisa,sshiroko,hoshino,iori,tshiroko,marina,sayane,sshiroko,1,75
indoor,atk,marina,shun,tshiroko,hoshino,nagisa,sshiroko,hoshino,iori,tshiroko,marina,sayane,sshiroko,1,55
indoor,def,hoshino,shun,tshiroko,marina,sayane,sshiroko,iori,marina,tshiroko,hoshino,nagisa,sshiroko,0
indoor,def,hoshino,shun,tshiroko,marina,sayane,sshiroko,iori,shun,hoshino,tshiroko,hibiki,sshiroko,0
indoor,def,hoshino,shun,tshiroko,marina,sayane,sshiroko,tshiroko,hoshino,iori,shun,nagisa,sshiroko,0
indoor,def,hoshino,shun,tshiroko,marina,sayane,sshiroko,iori,tsubaki,miyako,tshiroko,minori,sshiroko,0
indoor,atk,hoshino,shun,tshiroko,marina,sayane,sshiroko,hoshino,iori,tshiroko,marina,sayane,sshiroko,1,137
indoor,atk,tshiroko,marina,hoshino,shanako,nagisa,sshiroko,hoshino,iori,tshiroko,marina,sayane,sshiroko,0,137
indoor,atk,hoshino,iori,shun,tshiroko,nagisa,sshiroko,hoshino,iori,tshiroko,marina,sayane,sshiroko,1,96
indoor,atk,marina,tshiroko,shun,hoshino,sayane,sshiroko,hoshino,iori,tshiroko,marina,sayane,sshiroko,0,96
indoor,atk,hoshino,iori,tshiroko,haruka,nagisa,sshiroko,hoshino,iori,tshiroko,marina,sayane,sshiroko,0,96
indoor,def,hoshino,shun,tshiroko,marina,sayane,sshiroko,tshiroko,tsubaki,shun,iori,nagisa,sshiroko,1
indoor,def,hoshino,shun,tshiroko,marina,sayane,sshiroko,hoshino,iori,shun,tshiroko,nagisa,sshiroko,1
indoor,def,hoshino,shun,tshiroko,marina,sayane,sshiroko,tsubaki,shanako,yuuka,mika,sayane,sshiroko,1
indoor,def,hoshino,shun,tshiroko,marina,sayane,sshiroko,shun,tshiroko,iori,hoshino,hibiki,sshiroko,0
indoor,atk,shun,iori,tshiroko,tsubaki,nagisa,sshiroko,marina,tshiroko,iori,hoshino,sayane,sshiroko,1,124
indoor,atk,shun,tshiroko,hoshino,iori,iroha,nagisa,marina,tshiroko,iori,hoshino,sayane,sshiroko,0,124
indoor,atk,tshiroko,marina,hoshino,iori,nagisa,sshiroko,marina,tshiroko,iori,hoshino,sayane,sshiroko,1,86
indoor,atk,marina,shun,tshiroko,hoshino,nagisa,sshiroko,marina,tshiroko,iori,hoshino,sayane,sshiroko,1,60
indoor,atk,marina,iori,hoshino,tshiroko,minori,sshiroko,marina,tshiroko,iori,hoshino,sayane,sshiroko,1,42
indoor,def,marina,shun,tshiroko,hoshino,sayane,sshiroko,hoshino,nyharuna,tshiroko,shun,nagisa,sshiroko,0
indoor,def,marina,shun,tshiroko,hoshino,sayane,sshiroko,shun,tshiroko,hoshino,iori,nagisa,sshiroko,0
indoor,def,marina,shun,tshiroko,hoshino,sayane,sshiroko,shanako,hoshino,marina,tshiroko,nagisa,sshiroko,0
indoor,def,marina,shun,tshiroko,hoshino,sayane,sshiroko,tshiroko,shun,hoshino,iori,sayane,sshiroko,0
indoor,def,marina,shun,tshiroko,hoshino,sayane,sshiroko,tshiroko,shun,reisa,hoshino,nagisa,sshiroko,0
indoor,def,marina,shun,tshiroko,hoshino,sayane,sshiroko,tshiroko,shun,reisa,hoshino,nagisa,sshiroko,1
indoor,def,marina,shun,tshiroko,hoshino,sayane,sshiroko,tshiroko,shun,iori,hoshino,nagisa,sshiroko,1
indoor,def,marina,shun,tshiroko,hoshino,sayane,sshiroko,tshiroko,nyharuna,marina,hoshino,nagisa,sshiroko,1
indoor,atk,hoshino,tshiroko,iori,haruka,nagisa,sshiroko,hoshino,tshiroko,iori,marina,sayane,sshiroko,0,206
indoor,atk,yuuka,shun,marina,iori,nagisa,sshiroko,hoshino,tshiroko,iori,marina,sayane,sshiroko,1,149
indoor,atk,marina,shun,tshiroko,hoshino,nagisa,sshiroko,hoshino,tshiroko,iori,marina,sayane,sshiroko,0,149
indoor,atk,iori,haruka,hoshino,tshiroko,hibiki,sshiroko,hoshino,tshiroko,iori,marina,sayane,sshiroko,1,106
indoor,atk,hoshino,iori,marina,shun,sayane,sshiroko,hoshino,tshiroko,iori,marina,sayane,sshiroko,0,106
indoor,def,marina,shun,tshiroko,hoshino,sayane,sshiroko,hoshino,shun,marina,tshiroko,nagisa,sshiroko,1
indoor,def,marina,shun,tshiroko,hoshino,sayane,sshiroko,tshiroko,nyharuna,shun,hoshino,nagisa,sshiroko,1
indoor,def,marina,shun,tshiroko,hoshino,sayane,sshiroko,marina,shun,hoshino,tshiroko,nagisa,sshiroko,0
indoor,atk,tshiroko,iori,hoshino,shun,nagisa,sshiroko,hoshino,iori,tshiroko,marina,sayane,sshiroko,0,146
indoor,atk,tshiroko,iori,hoshino,shun,nagisa,sshiroko,hoshino,iori,tshiroko,marina,sayane,sshiroko,0,146
indoor,atk,tshiroko,iori,hoshino,shun,nagisa,sshiroko,hoshino,iori,tshiroko,marina,sayane,sshiroko,0,146
indoor,atk,hoshino,iori,shun,tshiroko,hibiki,sshiroko,hoshino,iori,tshiroko,marina,sayane,sshiroko,1,103
indoor,atk,tshiroko,marina,shun,hoshino,nagisa,sshiroko,hoshino,iori,tshiroko,marina,sayane,sshiroko,1,72
indoor,def,marina,shun,tshiroko,hoshino,sayane,sshiroko,haruka,iori,tshiroko,hoshino,nagisa,sshiroko,1
indoor,def,marina,shun,tshiroko,hoshino,sayane,sshiroko,marina,tshiroko,shun,hoshino,nagisa,sshiroko,1
indoor,def,marina,shun,tshiroko,hoshino,sayane,sshiroko,hoshino,tshiroko,mika,marina,nyserika,sshiroko,1
indoor,def,marina,shun,tshiroko,hoshino,sayane,sshiroko,iori,hoshino,tshiroko,marina,saki,sshiroko,0
indoor,atk,hoshino,tshiroko,nyharuna,shun,sayane,sshiroko,iori,marina,tshiroko,hoshino,sayane,sshiroko,1,66
indoor,atk,reisa,tshiroko,shun,marina,sayane,sshiroko,iori,marina,tshiroko,hoshino,sayane,sshiroko,1,46
indoor,atk,marina,tshiroko,shun,hoshino,nagisa,sshiroko,iori,marina,tshiroko,hoshino,sayane,sshiroko,0,46
indoor,atk,marina,tshiroko,shun,hoshino,nagisa,sshiroko,iori,marina,tshiroko,hoshino,sayane,sshiroko,1,33
indoor,atk,hoshino,tshiroko,marina,nymutsuki,sayane,sshiroko,iori,marina,tshiroko,hoshino,sayane,sshiroko,0,33
indoor,def,marina,shun,tshiroko,hoshino,sayane,sshiroko,shun,iori,hoshino,tshiroko,hibiki,sshiroko,0
indoor,def,marina,shun,tshiroko,hoshino,sayane,sshiroko,tshiroko,hoshino,haruka,iori,sayane,sshiroko,0
indoor,def,marina,shun,tshiroko,hoshino,sayane,sshiroko,shanako,hoshino,marina,tshiroko,nagisa,sshiroko,0
indoor,def,marina,shun,tshiroko,hoshino,sayane,sshiroko,shun,marina,hoshino,iori,nagisa,sshiroko,1
indoor,def,marina,shun,tshiroko,hoshino,sayane,sshiroko,marina,tshiroko,hoshino,shun,nagisa,sshiroko,1
indoor,atk,hoshino,tshiroko,haruka,iori,nagisa,sshiroko,iori,hoshino,tshiroko,marina,sayane,sshiroko,0,86
indoor,atk,hoshino,tshiroko,haruka,iori,nagisa,sshiroko,iori,hoshino,tshiroko,marina,sayane,sshiroko,0,86
indoor,atk,hoshino,tshiroko,haruka,iori,nagisa,sshiroko,iori,hoshino,tshiroko,marina,sayane,sshiroko,0,86
indoor,atk,hoshino,tshiroko,haruka,iori,nagisa,sshiroko,iori,hoshino,tshiroko,marina,sayane,sshiroko,1,60
indoor,atk,marina,tshiroko,shun,hoshino,sayane,sshiroko,iori,hoshino,tshiroko,marina,sayane,sshiroko,1,42
indoor,def,marina,tshiroko,shun,hoshino,sayane,sshiroko,tshiroko,hoshino,shun,marina,sayane,sshiroko,0
indoor,def,marina,tshiroko,shun,hoshino,sayane,sshiroko,haruka,tshiroko,iori,hoshino,nagisa,sshiroko,1
indoor,def,marina,tshiroko,shun,hoshino,sayane,sshiroko,hoshino,tshiroko,iori,haruka,nagisa,sshiroko,1
indoor,atk,hoshino,shun,tshiroko,marina,nagisa,sshiroko,marina,iori,tshiroko,hoshino,sayane,sshiroko,0,59
indoor,atk,hoshino,shun,tshiroko,marina,nagisa,sshiroko,marina,iori,tshiroko,hoshino,sayane,sshiroko,0,59
indoor,atk,hoshino,shun,tshiroko,marina,nagisa,sshiroko,marina,iori,tshiroko,hoshino,sayane,sshiroko,1,41
indoor,atk,tshiroko,hoshino,shun,haruka,sayane,sshiroko,marina,iori,tshiroko,hoshino,sayane,sshiroko,1,28
indoor,atk,tshiroko,iori,shun,hoshino,nagisa,sshiroko,marina,iori,tshiroko,hoshino,sayane,sshiroko,0,28
indoor,def,tshiroko,iori,shun,hoshino,sayane,sshiroko,marina,shun,tshiroko,hoshino,nagisa,sshiroko,1
indoor,def,tshiroko,iori,shun,hoshino,sayane,sshiroko,shanako,hoshino,marina,tshiroko,nagisa,sshiroko,1
indoor,def,tshiroko,iori,shun,hoshino,sayane,sshiroko,marina,shun,tshiroko,hoshino,nagisa,sshiroko,1
indoor,def,tshiroko,iori,shun,hoshino,sayane,sshiroko,marina,shun,tshiroko,hoshino,hibiki,sshiroko,0
indoor,atk,reisa,tshiroko,shun,iori,minori,sshiroko,marina,tshiroko,shun,hoshino,sayane,sshiroko,0,39
indoor,atk,reisa,tshiroko,shun,iori,minori,sshiroko,marina,tshiroko,shun,hoshino,sayane,sshiroko,1,28
indoor,atk,tshiroko,marina,shun,hoshino,sayane,sshiroko,marina,tshiroko,shun,hoshino,sayane,sshiroko,0,28
indoor,atk,tshiroko,marina,shun,hoshino,sayane,sshiroko,marina,tshiroko,shun,hoshino,sayane,sshiroko,1,19
indoor,atk,hoshino,tshiroko,marina,nymutsuki,sayane,sshiroko,marina,tshiroko,shun,hoshino,sayane,sshiroko,0,19
